AREK Study Nr.,"Study subject (Human, Mouse, Rat)",Study ID,Study title,"Study type (Observational, Experimental)","Funding source (NIH, ERC, etc.)",Sample for sequencing,,"Sample type (Blood, Organs, Biopsies, Feces, Saliva, Cells etc)",Collection date/time,Sample storage (-80 or Liquid nitrogen),RNA sequencing,Sequencing platform,Sequencing method,Sequencing depth,Library prep method,Library prep kit/DNA extraction kit,Avg read length,Adaptor sequence,Single end/paried end,Fecal 16s sequencing,Metagenomic sequencing,Reference database/tool used for taxonomy
1,Human,PRJCA021196,Metagenomic sequencing in patients with alcohol-induced osteonecrosis of the femoral head,Experimental,"National Natural Science Foundation of China, Zhejiang Provincial Natural Science Foundation, Heluo Youth Talent Promotion Project",Yes,,Feces,2021-2022,-80,No,Illumina NovaSeq 6000,WGS,,,TruSeq Nano DNA LT Library Preparation Kit,,,paired end,No,Yes,bowtie2 (version 2.2.0)
2,Human,PRJCA022064,16S rDNA analysis in patients with alcohol-induced osteonecrosis of the femoral head,Experimental,"National Natural Science Foundation of China, Zhejiang Provincial Natural Science Foundation, Heluo Youth Talent Promotion Project",Yes,,Feces,2021-2022,-80,No,Illumina NovaSeq 6000,16S rDNA,,,E.Z.N.A.® Stool DNA Kit,150bp,,paired end,Yes,No,bowtie2 (version 2.2.0)
3,Human,PRJDB10075,Association between alcohol consumption and oesophageal microbiota in oesophageal squamous cell carcinoma,Experimental,"National Key R&D Program of China, Medical Innovation project of Fujian Province",Yes,,Cancerous,2020,-80,No,Illumina HiSeq 2500,16S rRNA,,,NA,250bp,,NA,No,No,Greengenes (version 13.5)
4,Human,PRJEB18041,Data on gut metagenomes of the patients with alcoholic dependence syndrome and alcoholic liver cirrhosis,Experimental,Ministry of Education and Science of the Russian Federation,Yes,,Feces,2015,-20,No,SOLiD 4 platform,shotgun WGS,,Paired-end DNA library construction and shotgun sequencing,"SOLiD Fragment Library Construction Kit, SOLiD Fragment Library Barcoding Module 1–16, SOLiD EZ Bead TM E80 System Consumables and SOLiD ToP Sequencing Kit, MM50/5",50 bp,,paired end,No,Yes,NCBI
5,Rat,PRJEB44965,Effects of alcohol binge drinking and oleoylethanolamide pretreatment in the fecal microbiota,Experimental,"FEDER (European Union)/Ministerio de Ciencia e Innovación/Agencia Estatal de Investigación (Spain), Consejería de Educación, Juventud y Deporte",Yes,,Feces,2018,-80,No,Illumina MiSeq,16S rDNA,,,DNeasy PowerLyzer PowerSoil Kit,300bp,,paired end,Yes,No,RDP classifier and database v. 2.11
6,Human,PRJNA255332,Alcohol and tobacco consumption affects bacterial richness in oral cavity mucosa biofilms,Experimental,"Fundação Beneficente Alzira Denise Hertzog Silva (ABADHS), Fundação de Amparo à Pesquisa do Estado de s’o Paulo (FAPESP), The National Institute of Science and Technology in Oncogenomics (INCITO) and Coordenação de Aperfeiçoamento de Pessoal de Ensino Superior (CAPES). EDN and JCS are fellows of Conselho Nacional de Desenvolvimento Científico e Tecnol gico (CNPq, Brazil)",Yes,,Oral,2014,FTA elute cards,No,ION_TORRENT,16S rRNA-V1,,PCR amplicon,,,,,No,No,SILVA 111 SSU
7,Human,PRJNA321193,Alterations in oral bacterial communities are associated with risk factors for oral and oropharyngeal cancer,Experimental,,Yes,,Oral,2011,-80,No,Illumina MiSeq v2,16S rRNA-V4,,,QIAsymphony Virus/Bacteria Midi Kit,150bp,,single end,No,No,Greengenes 13.5
8,Human,PRJNA378267,The respiratory tract microbial biogeography in alcohol use disorder,Experimental,"NIAAA,National Heart Lung and Blood Institute, NIH, National Institute of General Medical",Yes,,Oral,2013,-80,No,Illumina MiSeq,16S rRNA-V3-V4,,Gene-specific primers with Illumina adapters and molecular barcodes,QIAamp DNA Stool Mini Kit,300bp,"Forward adapter: 5′-AATGATACGGCGACCACCGAGATCTACAC-3′, Reverse adapter: 5′-CAAGCAGAAGACGGCATACGAGAT-3′",paired end,No,No,GreenGenes 13.5
9,Mouse,PRJNA384576,Alcohol-associated intestinal dysbiosis impairs pulmonary host defense against Klebsiella pneumoniae,Experimental,,Yes,,Feces,2016,-80,No,Illumina MiSeq,16S rRNA-V3-V4,,Gene-specific primers with Illumina adapters and molecular barcodes,QIAamp DNA Stool Mini Kit（Qiagen）,300bp,,single end,Yes,No,UCHIME
10,Rat,PRJNA417868,"Effects of moderate, voluntary ethanol consumption on the rat and human gut microbiome",Experimental,NIH,Yes,,Feces,2014,-80,No,Illumina MiSeq,16S rRNA-V4,,Universal primers 515F/806R,MoBio PowerSoil,300bp,,paired end,Yes,No,Greengenes
11,Human,PRJNA434312,Human oral microbiome and prospective risk for pancreatic cancer: a population-based nested case-control study,Experimental,NCI,Yes,,Oral,,-80,No,Roche 454 FLX Titanium,16S rRNA-V3-V4,"11782(9,354,571 high-quality 16S reads in total), mean 11,782 (SD 2,799) sequences per sample",,MoBio PowerSoil DNA Isolation Kit,,,single end,No,No,Human Oral Microbiome Database (HOMD)
12,Human,PRJNA482931,Impacts of Maternal Diet and Alcohol Consumption during Pregnancy on Maternal and Infant Gut Microbiota,Experimental,Research Ethics Boards of Medical School of Wuhan University ,Yes,,Feces,2017,-80,No,Illumina MiSeq,16S rRNA-V3-V4,"50,000 reads per sample",primers 338F,E.Z.N.A.® Soil DNA Kit,300bp,,paired end,Yes,No,SILVA 123 SSU
13,Mouse,PRJNA487067,Alcohol consumption increases susceptibility to pneumococcal pneumonia in a humanized murine HIV model mediated by intestinal dysbiosis,Experimental,"NIH,NIAAA",Yes,,Feces,2017,,No,Illumina MiSeq,16S rRNA-V4,"Median sequencing depth: 24,740 reads; minimum: 2,409 reads; maximum: 35,241 reads",Gene-specific primers with Illumina adapters and molecular barcodes,QIAamp DNA Stool Mini Kit,250bp,,paired end,Yes,No,SILVA 132 SSU
14,Human,PRJNA503710,Alterations in the gut microbiome and metabolism with coronary artery disease severity,Experimental,"National Natural Science Foundation of China, the CAMS Innovation Fund for Medical Sciences (CIFMS),  the CAMS Innovation Fund for Medical Sciences",Yes,,Feces,2017,-80,No,Illumina MiSeq,16S rRNA-V4,"10,800 sequences per sample",PCR amplicon,,300bp,,paired end,Yes,No,RDP database version 11.5
15,Human,PRJNA520863,"Inflammatory Biomarkers, Microbiome, Depression, and Executive Dysfunction in Alcohol Users",Experimental,National Institute on Minority Health and Health Disparities,Yes,,Saliva,,-85,No,Illumina MiSeq,16S rRNA-V3-V4,,FastStart PCR master mix (Roche) and primer pair,Illumina Nextera DNA preparation kit/QIAGEN blood DNA extraction kit,,,paired end,No,No,
16,Human,PRJNA522306,Colonizing multidrug-resistant bacteria and the longitudinal evolution of the intestinal microbiome after liver transplantation,Experimental,NIH,Yes,,Feces,2014-2017,-80,No,Illumina MiSeq or Illumina HiSeq,16S rRNA-V3-V4,"7,500 counts per sample",Illumina Nextera adaptors,Illumina Nextera XT Index kits/MagAttract PowerSoil DNA Kit,300bp,,paired end,Yes,No,Greengenes 97% database
17,Mouse/Human,PRJNA525701,Bacteriophage targeting of gut bacterium attenuates alcoholic liver disease,Experimental,"AASLD Pinnacle Research Award in Liver Disease and a pilot project award from Southern California Research Center for Alcoholic Liver and Pancreatic Disease (ALPD) and Cirrhosis, National Institute of General Medical Sciences (NIGMS)–NIH Chemistry–Biology Interface Training Grant, Biocodex Microbiota Foundation Grant,NIH, Biomedical Laboratory Research & Development Service of the VA Office of Research and Development, Wellcome Trust",Yes,,Feces,2018,,No,Illumina MiSeq,16S rRNA-V4,,PCR amplicon,QIAamp Fast DNA Stool kit,250 bp,,paired end,Yes,No,MOTHUR
18,Human,PRJNA529415,,Experimental,,Yes,,"Feces, Saliva",2018,,No,Illumina MiSeq,16S rRNA,,,,150bp,,paired end,,,
19,Mouse/Human,PRJNA553184,Gut Microbiota-Induced Changes in β-Hydroxybutyrate Metabolism Are Linked to Altered Sociability and Depression in Alcohol Use Disorder,Experimental,"Belgium National Scientific Research Fund, UCLouvain, Funds Baillet Latour, FRFS-WELBIO, Wallonia",Yes,,Feces,2017,-80,No,Illumina MiSeq,16S rRNA-V5-V6,"157,737 pass-filter reads per sample",,"QIAamp DNA Stool Mini Kit (QIAGEN, Germany)",300bp,,paired end,Yes,No,RDP database version 1.1
20,Mouse,PRJNA555778,New strain of Pediococcus pentosaceus alleviates ethanol-induced liver injury by modulating the gut microbiota and short-chain fatty acid metabolism,Experimental,,Yes,,Feces,2018,-80,No,Illumina MiSeq,16S rRNA-V3-V4,,341F and 806R primers,QIAamp Fast DNA Stool Mini Kit,,,paired end,Yes,No,Greengenes
21,Rat,PRJNA543718,Beneficial effects of LRP6-CRISPR on prevention of alcohol-related liver injury surpassed fecal microbiota transplant in a rat model,Experimental,"Natural Science Foundation of Zhejiang Province, Key medical discipline in Jiaxing—Infectious disease, Key medical discipline in Jiaxing –Gastroenterology",Yes,,Feces,2019,-80,No,Illumina MiSeq,16S rRNA-V3-V4,,338F / 806R,Power Fecal DNA Kit (QIAamp),,,single end,Yes,No,SLIVA  128 SSU
22,Mouse,PRJNA592297,Bifidobacterium breve ATCC15700 pretreatment prevents alcoholic liver disease through modulating gut microbiota in mice exposed to chronic alcohol intake,Experimental,"National Natural Science Foundation of China, Gansu Province Major Science and Technology projects, Gansu Province Foundation for Distinguished Young Scholars",Yes,,Feces,2017,-80,No,Illumina MiSeq,16S rRNA-V4-V5,,515F/909R,"DNA extraction kit (Tiangen Biotech, Shanghai, China)",,,single end,Yes,No,RDP classifier
23,Human,PRJNA604280,Alcohol Use Is Associated With Intestinal Dysbiosis and Dysfunctional CD8+ T-Cell Phenotypes in Persons With Human Immunodeficiency Virus,Observational,"NIAAA, National Institute of General Medical Sciences",Yes,,Feces,2018,-80,No,Illumina MiSeq V2,16S rRNA-V4,,PCR amplification of 16S V4 with modified 515F/806R,,,,paired end,Yes,No,SILVA 132 SSU 
24,Human,PRJNA613834,Functional Microbial Responses to Alcohol Abstinence in Patients With Alcohol Use Disorder,Experimental,NIH ,Yes,,Feces,2020,,No,Illumina HiSeq 4000,WGS,,,FastDNA Spin Kit（MP-Biomedicals）,150bp,,paired end,No,Yes,MetaPhlAn2 version 2.7.7
25,Human,PRJNA634528,Longitudinal gut microbiome changes in alcohol use disorder are influenced by abstinence and drinking quantity,Experimental,,Yes,,Oral,2018,-80,No,Ion Torrent S5 XL semiconductor sequencer,16S rRNA,"150,000 reads per sample",,PowerMag Microbiome RNA/DNA isolation kit,,,paired end,No,No,USEARCH v11
26,Mouse,PRJNA640138,Chronic stress and corticosterone exacerbate alcohol-induced tissue injury in the gut-liver-brain axis,Experimental,NIH,Yes,,Feces,2019,,No,Illumina MiSeq,16S rRNA,,,,,,single end,Yes,No,"RDP classifier, GreenGenes"
27,Human,PRJNA698746,Alterations in gut microbiota of esophageal squamous cell carcinoma patients,Experimental,Hong Kong Innovation and Technology Fund,Yes,,Feces,2020,-80,No,Illumina MiSeq,16S rRNA-V3-V4,,,QIAamp Fast DNA Stool Mini Kit,300bp,,paired end,Yes,No,SILVA 132 SSU 
28,Human,PRJNA734860,Bile Acid Changes Associated With Liver Fibrosis and Steatosis in the Mexican-American Population of South Texas,Experimental,"MD Anderson Cancer Center Support Grant, CPRIT Research Training Grant Award",Yes,,Feces,2018-2020,-80,No,Illumina MiSeq,16S rRNA-V4,,,QIAamp Fast DNA Stool Mini Kit,250 bp,,paired end,Yes,YES(in the datasets,SILVA
29,Human,PRJNA895096,Diurnal changes of the oral microbiome in patients with alcohol dependence,Experimental,"National Clinical Research Center for Mental Disorders, National Key R&D Program of China, National Natural Science Foundation of China",Yes,,Saliva,2019,-80,No,Illumina HiSeq 2500,16S rRNA-V4,,515F/806R,,250 bp,,paired end,No,No,RDP Classifier v.2.2
30,Human,PRJNA905862,Disrupted diurnal oscillations of the gut microbiota in patients with alcohol dependence,Experimental,National Natural Science Foundation of China,Yes,,Feces,2019,-80,No,Illumina HiSeq 2500,16S rRNA-V4,,,MagPure Stool DNA KF Kit B,250 bp,,paired end,Yes,No,RDP classifer v2.2
31,Human,PRJNA909793,Variety of Fruit and Vegetables and Alcohol Intake are Associated with Gut Microbial Species and Gene Abundance in Colorectal Cancer Survivors,Experimental,,Yes,,Feces,2019,-80,No,"Illumina MiSeq, NovaSeq 6000","16S rRNA-V4, WGS",,515F/806R,,250–270 bp,,paired end,Yes,No,HUMAnN3
32,Mouse,PRJNA918387,TRPV6 deficiency attenuates stress and corticosterone-mediated exacerbation of alcohol-induced gut barrier dysfunction and systemic inflammation,Experimental,NIH,Yes,,Feces,2019,,No,Illumina MiSeq,16S rRNA-V4-V5,,,,,,single end,Yes,No,GreenGenes
33,Mouse,PRJNA1044232,Lacticaseibacillus rhamnosus LRa05 alleviated liver injury in mice with alcoholic fatty liver disease by improving intestinal permeability and balancing gut microbiota,Experimental,Education Department of Henan Province,Yes,,Feces,2023,-80,No,Illumina MiSeq,16S rRNA-V3-V4,,,FastDNA SPIN Kit,300bp,,paired end,Yes,No,RDP database v18
34,Mouse,PRJNA1140604(RNA),Intestinal microbiota homeostasis analysis in riboflavin-treated alcoholic liver disease,Experimental,"National Natural Science Foundation of China, Natural Science Foundation of Heilongjiang Province, Heilongjiang Postdoctoral Science Foundation",Yes,,Liver,,,Yes,Illumina NovaSeq 6000,RNA,,,TRIzol Reagent,150 bp,,paired end,No,No,
35,Mouse,PRJNA1141499,Intestinal microbiota homeostasis analysis in riboflavin-treated alcoholic liver disease,Experimental,"National Natural Science Foundation of China, Natural Science Foundation of Heilongjiang Province, Heilongjiang Postdoctoral Science Foundation",Yes,,Feces,,,Yes,Illumina NovaSeq 6000,16S rRNA-V3-V4,,341F/806R,HiPure Stool DNA Kit,250 bp,,paired end,Yes,No,
36,Human,PRJNA597697,The effects of cigarettes and alcohol on intestinal microbiota in healthy men,Experimental,"Natural Science Foundation of Zhejiang Province, Science and Technology  Plan of Medicine and Health of Zhejiang Province, Public Welfare Technology Application Research Plan of Zhejiang Province",Yes,,Feces,2017-2019,-80,No,Illumina MiSeq,16S rRNA-V3-V4,,338F/806R,TIANamp Stool DNA Kit,300bp,,paired end,Yes,No,SILVA 128 SSU 
